epoch,time,train/box_loss,train/cls_loss,train/dfl_loss,metrics/precision(B),metrics/recall(B),metrics/mAP50(B),metrics/mAP50-95(B),val/box_loss,val/cls_loss,val/dfl_loss,lr/pg0,lr/pg1,lr/pg2
1,1016.81,1.44265,2.49837,1.42084,0.33151,0.05473,0.08849,0.04733,1.02593,34.7153,1.06933,0.000656566,0.000656566,0.000656566
2,1873.49,1.53616,2.16549,1.47831,0.17609,0.28358,0.14049,0.05447,1.37341,81.7659,1.41284,0.0013145,0.0013145,0.0013145
3,2624,1.60507,2.098,1.56835,0.17792,0.24378,0.10845,0.05289,1.4875,97.8584,1.57006,0.00196363,0.00196363,0.00196363
4,3361.07,1.63595,2.04805,1.56136,0.12865,0.22388,0.08125,0.03391,1.43332,29.6128,1.40339,0.0019604,0.0019604,0.0019604
5,4167.12,1.58578,1.90504,1.53067,0.45821,0.42078,0.39119,0.18858,1.32286,25.5474,1.2962,0.0019472,0.0019472,0.0019472
6,4916.88,1.54855,1.85933,1.50426,0.45369,0.42786,0.32917,0.15201,1.34566,55.2635,1.31072,0.001934,0.001934,0.001934
7,5589.88,1.51272,1.78666,1.47481,0.49586,0.54726,0.45784,0.23756,1.19382,28.9724,1.1666,0.0019208,0.0019208,0.0019208
8,6257.24,1.50848,1.7046,1.46912,0.47096,0.33831,0.35123,0.16825,1.34863,9.29109,1.28949,0.0019076,0.0019076,0.0019076
9,6903.52,1.48697,1.68035,1.45963,0.45706,0.43284,0.40388,0.21733,1.24222,5.76002,1.22512,0.0018944,0.0018944,0.0018944
10,7556.82,1.44147,1.63033,1.44178,0.44193,0.48066,0.40283,0.21762,1.1465,26.8467,1.10829,0.0018812,0.0018812,0.0018812
11,8194.67,1.4406,1.60655,1.41658,0.52479,0.43781,0.4215,0.21216,1.22791,34.5666,1.23233,0.001868,0.001868,0.001868
12,8842.41,1.41822,1.55074,1.41372,0.48194,0.51837,0.44593,0.2312,1.21145,18.7713,1.15222,0.0018548,0.0018548,0.0018548
13,9473.4,1.39339,1.46757,1.37859,0.49887,0.49254,0.44215,0.23449,1.1818,22.3789,1.13077,0.0018416,0.0018416,0.0018416
14,10106.2,1.39614,1.49397,1.38788,0.52913,0.56467,0.50025,0.2575,1.14583,20.8765,1.12392,0.0018284,0.0018284,0.0018284
15,10752.8,1.3854,1.44156,1.38783,0.40439,0.47761,0.39874,0.20781,1.23082,29.9969,1.22178,0.0018152,0.0018152,0.0018152
16,11409.7,1.33003,1.42073,1.35368,0.51572,0.50332,0.50528,0.28143,1.08721,35.5048,1.10757,0.001802,0.001802,0.001802
17,12053.2,1.35935,1.47597,1.37666,0.46716,0.49254,0.43882,0.21742,1.20325,13.6028,1.15466,0.0017888,0.0017888,0.0017888
18,12704,1.34426,1.38436,1.35243,0.54256,0.57828,0.51016,0.27267,1.15777,31.6613,1.13115,0.0017756,0.0017756,0.0017756
19,13374.2,1.33599,1.36962,1.34601,0.54417,0.51741,0.48392,0.26348,1.13788,26.8085,1.12568,0.0017624,0.0017624,0.0017624
20,14044.3,1.3122,1.34109,1.33724,0.52721,0.59204,0.56896,0.26913,1.22859,16.1409,1.17265,0.0017492,0.0017492,0.0017492
21,14711.8,1.31553,1.31231,1.33121,0.50603,0.56716,0.50114,0.27644,1.12153,11.0297,1.11809,0.001736,0.001736,0.001736
22,15393.6,1.31683,1.30502,1.32499,0.60002,0.51499,0.52417,0.28759,1.12187,20.1839,1.1168,0.0017228,0.0017228,0.0017228
23,16066.1,1.28638,1.30469,1.31353,0.6052,0.59487,0.58404,0.31105,1.14714,11.7722,1.11698,0.0017096,0.0017096,0.0017096
24,16752.9,1.29325,1.24422,1.29782,0.4663,0.41791,0.43597,0.22476,1.14511,4.45242,1.12228,0.0016964,0.0016964,0.0016964
25,17431.4,1.27132,1.30258,1.29987,0.50226,0.47264,0.44317,0.22323,1.17062,17.5986,1.11997,0.0016832,0.0016832,0.0016832
26,18099.9,1.22348,1.19685,1.27619,0.49635,0.55405,0.47222,0.26663,1.11562,37.228,1.07941,0.00167,0.00167,0.00167
27,18780.2,1.26666,1.2343,1.29107,0.50088,0.62189,0.533,0.30082,1.11198,38.6221,1.08677,0.0016568,0.0016568,0.0016568
28,19456.1,1.24474,1.1608,1.27102,0.51162,0.49513,0.44387,0.24634,1.18221,12.3299,1.17271,0.0016436,0.0016436,0.0016436
29,20138.9,1.26803,1.2111,1.29065,0.5505,0.59711,0.53879,0.29442,1.13415,10.7644,1.10075,0.0016304,0.0016304,0.0016304
30,20843.8,1.20688,1.14427,1.26585,0.52199,0.55959,0.51343,0.26658,1.18994,33.0723,1.15097,0.0016172,0.0016172,0.0016172
31,21544,1.23513,1.18374,1.26576,0.57317,0.57711,0.55974,0.31285,1.09973,11.6722,1.12197,0.001604,0.001604,0.001604
32,22248.4,1.22562,1.14069,1.26995,0.47465,0.70647,0.55445,0.30094,1.0948,21.5504,1.08253,0.0015908,0.0015908,0.0015908
33,22933.7,1.19845,1.12777,1.25755,0.65159,0.53731,0.58944,0.35042,1.05456,6.7654,1.03562,0.0015776,0.0015776,0.0015776
34,23752.4,1.1875,1.12566,1.25105,0.39427,0.42786,0.35688,0.19819,1.191,8.18798,1.16087,0.0015644,0.0015644,0.0015644
35,24817.2,1.18433,1.11465,1.23697,0.52424,0.61194,0.55551,0.30562,1.08005,13.1093,1.06873,0.0015512,0.0015512,0.0015512
36,25514.1,1.1756,1.07622,1.24549,0.57965,0.47761,0.49048,0.27565,1.12031,14.9416,1.11298,0.001538,0.001538,0.001538
37,26193.1,1.16852,1.10182,1.23704,0.64864,0.55721,0.55176,0.30191,1.13612,14.8659,1.09348,0.0015248,0.0015248,0.0015248
38,26884.7,1.14756,1.06611,1.22243,0.50284,0.57214,0.50752,0.27006,1.15042,7.20905,1.08699,0.0015116,0.0015116,0.0015116
39,27744,1.15581,1.04938,1.23435,0.49944,0.48756,0.4695,0.25635,1.11385,3.99069,1.08801,0.0014984,0.0014984,0.0014984
40,28879.2,1.15266,1.07965,1.23811,0.56765,0.58135,0.56104,0.32011,1.09801,6.47386,1.06041,0.0014852,0.0014852,0.0014852
41,29781.8,1.15075,1.02725,1.22904,0.52288,0.5725,0.52871,0.30368,1.06529,32.5256,1.07803,0.001472,0.001472,0.001472
42,30506.3,1.12307,1.06896,1.21896,0.60333,0.58266,0.60242,0.3393,1.11209,14.9675,1.11887,0.0014588,0.0014588,0.0014588
43,31274.7,1.12522,0.9981,1.20829,0.51498,0.48259,0.46772,0.2567,1.1501,6.81918,1.17061,0.0014456,0.0014456,0.0014456
44,32495.1,1.15679,1.05921,1.23097,0.57729,0.61194,0.57973,0.32955,1.08224,4.72842,1.08159,0.0014324,0.0014324,0.0014324
45,33589.4,1.12669,0.98095,1.2051,0.6033,0.57504,0.5803,0.32357,1.11678,7.77601,1.10174,0.0014192,0.0014192,0.0014192
46,34346.4,1.08589,0.9666,1.17687,0.6113,0.58706,0.56457,0.33339,1.08716,17.3887,1.07749,0.001406,0.001406,0.001406
